customer_number,Cluster
11387,3
8171,3
1060,3
3728,1
14621,3
12563,4
1652,3
2989,0
14219,3
1831,4
1433,3
14801,3
16316,2
3386,0
1461,3
1671,1
11607,0
13908,1
15458,4
15932,2
10931,3
3497,3
12855,0
12618,2
12156,2
3663,1
2937,3
5596,1
3647,1
10901,3
11174,1
8972,1
10981,1
8563,2
1464,3
12611,3
5470,1
3331,0
6462,1
3070,3
5377,1
15022,2
712,4
2499,2
4857,2
1419,3
6162,0
12412,3
4730,4
10908,1
10421,1
11476,1
13694,3
7782,3
12128,3
6081,1
3605,2
1149,1
8668,1
6070,3
7307,1
14612,2
2232,1
12569,1
12276,1
5080,1
445,1
9057,1
9339,1
11315,1
13412,2
206,1
11770,4
3570,1
2514,3
1654,3
4865,3
5261,4
11771,2
921,1
13975,3
10805,3
12159,2
8717,1
13367,4
12508,3
7729,1
15966,3
8464,1
11596,3
4880,1
7830,3
14995,3
7484,3
14613,4
1045,4
5630,2
2503,3
9230,4
14409,4
1922,2
11658,3
10896,1
2451,3
515,4
6239,2
13394,3
6618,0
15114,1
3028,3
1281,3
1413,1
9886,1
14027,2
1037,3
7814,3
10189,3
4934,2
3730,0
10761,1
510,3
15328,4
9311,0
15018,2
13301,0
4163,1
1030,3
12331,2
4351,3
9112,1
6153,1
11990,2
4290,1
13551,4
12476,2
71,1
896,3
9501,1
14260,0
13757,0
15135,1
2692,1
10261,1
8245,3
7175,3
5556,3
3870,4
5498,0
14825,2
8803,4
935,0
8639,3
11339,1
12450,2
61,3
8022,3
4513,1
3839,1
11613,1
9757,1
3978,1
12008,1
13277,2
15394,4
2684,2
10481,1
2388,3
10283,1
12978,2
15960,4
2470,3
8912,1
3139,1
1969,3
4586,1
9735,3
13118,1
14539,2
7460,0
4084,3
3579,1
7991,3
11140,1
5943,2
3702,0
6945,2
8380,1
4207,1
2649,3
9342,1
5625,1
5501,1
2604,3
11191,1
15963,2
3830,1
9125,2
8519,0
3633,4
13962,3
15227,4
11650,3
4278,3
11466,1
8982,3
3218,4
1484,1
10165,1
3038,1
7675,1
13868,0
8388,3
3289,3
6250,2
11322,1
10945,1
1083,1
5246,2
12573,3
6759,1
12357,0
10549,1
2798,3
1770,0
4740,1
10557,3
2110,4
10818,1
8841,1
2566,3
13056,4
6924,1
2500,1
11002,2
1731,0
7303,1
2442,3
5510,2
6089,1
11509,2
6114,3
10599,1
3756,1
12641,0
3636,1
11943,4
3759,4
2590,3
7172,3
7019,3
1805,4
1254,1
5641,2
3278,3
14711,0
14495,3
6632,1
15554,2
2370,3
15690,4
6917,3
11280,1
7158,0
6063,1
9656,3
16041,3
1437,1
2573,1
3008,1
7148,0
12925,0
14239,3
11971,2
498,1
8488,1
5204,3
10495,3
10222,1
1050,2
14302,4
12391,2
2352,4
16306,2
2522,4
12237,3
3733,1
13069,4
221,3
12993,3
3741,4
6992,1
1308,3
427,2
2982,1
15481,3
2880,4
15933,3
9458,3
14805,2
3269,3
2519,3
2792,4
10732,1
10126,1
11967,3
12437,0
8092,3
13634,1
12170,3
12616,3
10072,4
4726,1
4664,2
3695,3
13852,0
15967,0
9727,3
5319,2
8322,2
928,2
10605,1
11878,4
2653,3
16022,2
15682,4
8789,1
11038,1
11195,1
15573,2
14866,3
5542,3
4499,1
10992,1
11127,1
15059,4
5233,1
5185,1
11260,4
15280,2
711,1
15294,3
4882,1
871,3
7276,1
4151,3
795,4
3641,3
7399,2
14446,3
2848,1
14139,3
951,3
8381,3
15827,4
6738,2
7520,3
176,4
10419,4
9580,4
647,3
4810,3
15556,0
3176,3
9427,1
2764,3
3293,3
4978,0
1918,3
14051,3
2833,3
8888,1
1905,3
2313,3
12189,0
10386,1
12969,4
12114,3
4051,0
10114,2
13131,1
45,3
2438,3
4187,2
2473,0
13047,3
7314,1
16040,3
2603,1
4355,3
10159,2
12393,0
11555,1
5264,2
12606,2
7063,3
13420,3
7046,3
14719,2
4917,1
10979,1
8065,1
4446,3
10869,1
352,3
14496,4
12077,3
3155,4
11379,3
1043,1
7422,4
283,1
914,1
9946,0
1388,3
4481,2
8685,2
6948,3
14770,3
11157,1
12055,0
6248,1
9703,2
15215,3
3679,2
12834,2
11641,1
13531,4
14,3
3003,1
4984,0
14922,4
1121,2
9419,3
14556,2
6541,1
4219,3
9564,1
11349,1
6079,1
11061,0
4636,3
13409,1
13041,3
8087,2
5339,4
5351,3
4005,3
13804,0
8678,1
9293,4
9271,3
7041,2
11112,3
15943,3
6731,4
15426,1
10660,3
657,2
1604,0
13655,0
10363,1
9030,2
11894,4
1497,3
1780,1
5146,2
4361,3
12198,4
15864,0
8478,3
1903,3
11475,1
10293,1
16205,3
2322,3
5076,1
1594,2
13928,2
11071,1
12766,3
10188,1
3571,1
13206,3
3210,1
6751,3
1152,0
11974,4
5378,1
305,4
5636,0
11247,2
5356,2
10137,3
13850,3
8876,2
6252,3
15070,0
6674,3
5664,1
5332,2
13048,4
6804,2
6294,3
6453,1
571,3
4669,1
6712,3
12084,2
11288,1
15262,3
6588,3
8523,1
7068,2
2146,3
6074,2
15167,2
8429,2
7823,1
912,0
3446,1
10856,2
5130,4
3693,3
5057,1
1937,3
3451,3
4897,1
15196,4
8543,1
786,3
15621,2
14984,4
13700,3
8011,1
8428,3
7884,2
11362,1
4754,1
6394,2
11988,4
3452,3
14910,4
5105,3
946,1
2660,1
11825,4
14871,4
6012,3
14768,3
7756,3
15778,2
14674,2
5137,2
12149,2
9089,3
1172,0
6246,1
4294,1
6470,3
5460,1
9078,1
8746,2
7705,0
12628,3
15513,4
6056,1
3566,2
11524,1
11644,3
2920,0
7074,1
8719,1
5647,1
15144,3
16193,3
16295,2
5601,3
7064,1
1623,3
7955,3
14963,3
16049,3
11651,2
10505,4
4140,1
905,1
667,2
6350,2
16039,3
788,3
4976,1
9556,2
1163,3
5817,3
14586,3
124,3
11159,3
4924,1
8061,3
2256,3
2431,0
4776,2
10509,1
9604,1
1480,1
14635,0
15972,3
7914,1
10271,1
11268,2
808,3
13618,0
15850,3
8335,3
4804,1
9326,3
11143,2
13254,4
11297,1
12361,3
14014,1
535,1
2852,3
13895,4
2568,3
16227,2
11937,4
6170,2
2198,1
6024,4
12934,4
9435,3
2795,4
11737,1
4305,3
5399,2
4812,2
14734,4
12269,0
8062,0
1979,3
15939,3
12047,3
7576,1
14656,4
15978,3
669,2
3763,1
12467,4
9320,1
215,0
10928,3
3781,3
5025,2
12889,4
7849,1
5989,4
12510,2
4149,2
3363,3
15601,4
792,1
15463,4
2669,4
14060,3
13537,3
4745,4
5927,3
12286,4
6762,1
8623,2
12345,4
572,2
14375,4
3760,4
6471,0
5431,1
11845,4
4801,4
7554,0
1223,1
9328,1
12027,3
10168,1
14377,4
2614,1
11559,3
7146,3
257,3
9492,2
6220,2
10197,3
6229,1
13801,1
8341,4
10635,2
15276,4
2642,1
362,3
6428,3
10093,1
13600,3
10425,3
15455,3
1904,3
13166,1
12844,2
4455,1
13659,2
13072,3
2225,0
14663,2
5948,2
4063,1
10985,3
7418,0
9154,3
1676,0
3468,0
12356,4
10329,1
1206,1
14251,3
15371,4
8456,3
4517,3
5320,2
4667,1
1378,3
6267,2
15622,3
3458,0
13218,0
8778,1
898,1
12675,4
1793,1
6680,1
10999,2
9295,3
14343,4
3152,0
6622,2
1764,2
5936,3
1712,1
10512,1
14834,3
12201,4
14240,3
11059,2
15335,3
6940,2
7478,3
7372,3
777,4
9164,3
1325,2
5920,1
2925,1
2664,3
11323,1
12473,0
7479,2
13723,3
5631,1
6180,2
6967,3
14427,3
12264,0
5455,3
4895,1
3780,0
10431,3
13972,3
5215,2
320,3
385,1
3817,1
4109,1
5340,3
15339,3
13109,0
2182,3
4593,1
14506,4
7903,3
349,3
9853,3
8333,3
4378,3
16203,2
3568,0
858,0
4725,1
5540,3
1759,1
13468,4
13034,2
14144,2
11640,2
11291,1
12137,4
6270,1
15717,2
5802,2
1938,1
6778,0
10594,1
4757,2
8548,1
11080,3
5169,2
187,0
8994,3
7773,0
16140,2
10814,1
14575,4
1999,1
16117,1
8759,2
3168,4
7280,1
7359,3
6335,4
14885,4
7621,0
6791,4
4869,2
10554,1
236,3
1926,3
9655,1
16287,2
2162,3
1717,1
14880,3
5256,1
11054,3
10862,3
182,3
9097,1
3046,4
12792,3
521,3
2994,2
12323,2
11368,3
1357,1
10357,1
12103,2
11182,1
13038,4
14011,4
6299,1
10558,1
4176,3
8257,3
15838,2
5179,0
12452,0
9927,1
8294,1
2892,3
328,0
11104,1
166,3
4045,0
10355,1
5453,0
7792,2
4338,3
8836,3
8909,1
6254,3
12829,2
646,3
7405,1
11355,1
2695,3
4451,3
1696,1
16144,2
13029,2
13165,1
3583,3
8181,2
13946,3
2883,1
9729,1
3325,2
5956,3
10807,1
6409,4
3193,3
404,0
9054,3
5622,2
1923,1
942,0
4173,4
746,3
2898,3
7699,1
9904,0
16229,4
5965,0
10591,1
7331,0
6086,1
1716,3
5530,2
15344,2
15970,2
3545,4
6314,1
9382,1
191,3
11456,1
15596,2
5242,0
8145,1
13405,4
15738,2
13101,2
3845,3
8947,3
13476,4
15310,2
4876,3
15259,3
3315,2
1079,0
140,3
15373,2
13695,0
2916,2
1008,1
704,1
4407,3
12771,3
10367,1
7077,2
14381,3
15604,3
110,4
5949,3
1412,2
7130,0
1832,3
9825,1
12744,0
10392,3
16163,2
13727,0
5512,1
6848,1
3843,3
10184,1
9027,1
5667,3
13454,2
2067,1
5234,4
6566,3
8562,1
11334,0
9718,2
15274,2
10030,1
6923,3
3398,0
6590,3
8287,3
15439,3
611,3
15684,2
732,3
507,3
717,3
83,3
10967,1
13606,4
15177,2
11669,1
4600,1
7700,2
8154,0
6160,2
14962,3
4941,3
5006,2
5036,1
10714,1
14503,3
5029,2
10873,1
9397,1
10744,2
3711,3
4922,2
15270,3
2511,1
4193,2
12158,2
12735,3
3953,3
6126,1
14257,0
10341,3
12153,4
6805,3
8455,2
9836,4
13334,1
15654,3
1762,3
7126,3
263,1
9807,2
9128,2
459,3
12523,1
4440,1
11834,4
10904,0
6240,3
6333,1
14412,4
4307,1
12097,1
10260,3
9760,3
6748,2
2897,1
2131,1
1395,1
8331,1
9584,2
3997,3
6468,3
10426,1
9126,3
12946,1
10438,2
14122,0
13148,1
16031,4
12901,2
5044,2
13906,3
7905,3
9516,3
9863,3
8165,3
2377,1
5806,3
11835,2
10427,1
6621,3
9675,2
10697,0
14177,1
15191,2
14297,3
9420,3
12058,3
5092,3
11330,2
7518,1
724,3
12557,1
3149,3
15447,2
9634,2
7683,3
16086,3
6251,3
6355,1
12517,3
7131,3
6695,2
7138,3
9398,1
13580,3
8442,2
10476,1
367,1
3685,3
11911,2
1071,3
6631,1
12522,3
12828,3
9643,4
10847,3
9383,1
10451,1
5440,4
9918,1
3686,1
12545,1
1222,3
7104,1
3167,1
1174,4
5864,1
2207,1
7013,1
4158,2
11954,4
7330,2
16038,4
7334,0
3182,3
4711,2
11710,3
12432,2
12091,4
7032,2
7855,1
6117,3
15125,4
14671,1
11400,3
12346,0
6981,2
2832,1
14104,2
9362,3
7789,3
5831,1
10537,1
4805,1
12731,3
13888,3
9001,3
12344,2
5679,2
8387,1
8220,3
15142,3
8577,4
4724,2
16167,3
281,1
12798,3
910,1
14279,0
8325,0
170,1
1508,3
15263,4
15412,3
2014,3
13806,2
13427,3
3145,3
2862,3
15284,0
12739,2
10163,1
13432,4
8305,4
9600,1
12221,2
3902,3
7825,1
1514,0
11919,4
14148,4
14951,1
5696,1
14568,4
276,3
4070,1
16303,3
11615,3
401,2
8373,3
7161,3
6115,2
11180,2
7384,1
5580,1
4807,1
5985,1
280,3
14538,3
12917,2
11197,0
13682,0
7150,3
6889,3
13095,3
15667,3
12635,2
11163,1
655,1
11889,3
1129,1
6159,2
4235,0
14761,3
2066,1
6950,4
5310,2
8799,1
11620,1
63,3
12038,1
6197,1
12182,3
13508,0
7665,2
10710,3
5393,1
7969,3
1195,0
9392,2
7587,0
13339,0
5331,1
9625,4
8539,0
14159,0
1473,4
5198,2
9751,2
11233,1
7516,1
7250,1
12838,0
8459,1
15145,3
7329,1
848,3
1019,1
10683,1
1874,1
8847,0
9586,1
12363,3
13161,2
10706,1
2417,0
3170,3
15502,2
3424,3
10098,1
8377,3
13637,3
342,3
13985,3
7897,2
8814,1
119,1
8226,2
4875,3
752,1
4970,3
11565,4
2559,1
3172,1
9953,1
12031,3
953,3
11187,0
11242,1
5091,1
9762,3
14666,0
13456,0
9966,2
15492,2
11868,4
945,0
12043,2
2760,3
11381,1
4833,2
12339,3
12705,0
10278,2
14909,4
1540,4
11114,1
14132,1
3727,3
6716,3
13370,4
4423,1
9208,3
9699,1
12576,3
5950,1
14192,2
10590,1
12973,2
13270,3
15685,3
4368,1
12474,4
12657,0
14021,3
4030,3
8606,3
6414,2
3200,3
11221,4
859,3
2392,4
3892,1
770,3
309,3
6922,3
2662,0
6847,2
5360,1
5878,1
11706,3
13889,2
6441,2
1869,0
10155,2
759,4
10396,2
5009,3
2986,3
1268,3
3050,0
14130,2
186,3
386,3
9123,2
2705,1
9499,2
12110,3
6120,2
9378,2
212,3
2645,0
846,1
1168,0
4900,1
13935,2
7973,3
4437,2
10107,1
6899,2
11087,3
8270,4
7110,0
3671,4
6745,4
16165,1
16102,0
5011,1
12076,4
11194,1
8680,3
4238,2
6497,1
4547,2
2466,0
2837,3
14283,3
14528,2
14670,4
10669,2
4384,1
4025,3
15609,2
14086,0
10891,3
6798,2
2139,4
2192,1
15723,4
4703,2
5995,3
12968,2
11284,1
11672,3
9146,3
7385,0
9471,3
8647,2
16154,3
620,2
2671,0
434,3
15831,4
7644,1
12598,3
149,4
1212,2
11951,2
14545,3
2923,3
13431,1
13913,1
13266,0
5942,2
7257,3
144,3
1704,3
4572,0
8564,1
8178,1
372,1
6920,2
15268,4
4231,3
14549,4
11633,3
10693,2
1330,1
2772,3
4806,4
12480,0
5722,1
8536,2
218,3
52,3
7433,0
4620,1
11791,2
1800,3
5053,1
426,0
4694,4
13710,3
5951,2
15407,4
1989,0
7191,1
6806,0
10382,3
13921,0
3740,3
13002,3
10613,2
4042,3
15588,3
6396,4
11265,1
9380,2
11156,3
10827,1
9706,2
4453,1
14741,3
11208,3
6327,2
14555,2
14870,3
14920,4
9076,1
5175,1
10628,1
2063,0
13031,2
10390,3
11365,1
14716,2
14329,4
2834,0
5110,1
3513,3
9264,1
1074,3
16254,2
15024,3
9949,1
8622,1
13667,4
12419,3
7816,2
4794,3
7127,2
13981,0
12394,2
7132,4
5060,1
15753,3
16281,3
14597,4
3395,4
14407,4
5709,2
9902,1
10176,0
5578,2
2921,3
6028,2
11500,1
2125,3
12511,2
10256,1
14554,4
3745,3
6083,1
14445,4
13378,3
10015,2
4047,1
13391,1
15911,3
1580,2
16029,4
156,1
3865,1
7944,1
7910,2
10816,1
5558,3
275,4
10129,3
1509,4
1018,1
12846,1
4608,1
5871,3
10725,1
7560,4
5557,3
1932,3
7044,0
5888,2
10963,3
972,4
1340,3
9258,3
8673,3
7036,4
15068,2
13793,1
7604,2
1117,3
10360,3
1911,0
6245,2
13380,4
14481,2
10743,1
16084,2
6668,1
5706,3
1096,2
11454,1
5503,4
2581,2
10643,0
412,2
538,3
12218,1
3213,1
4024,4
12693,2
8738,1
15945,3
2275,1
8851,2
10320,1
9730,2
14979,4
11936,4
11886,4
12707,4
6067,2
16301,3
11401,1
9207,3
4552,1
13274,4
2737,3
15035,4
2414,3
2277,1
16048,3
232,1
3617,2
15249,1
9847,3
419,0
7710,2
9587,1
3087,0
11348,1
13138,2
4715,2
8115,2
7747,1
14931,2
2174,3
10925,1
7342,1
12530,0
3064,4
8796,2
10310,3
14706,3
9261,1
2532,3
1939,1
2083,1
9424,3
10564,3
8371,1
7414,1
2326,1
2111,1
2780,2
16125,4
16018,4
395,3
5544,2
6620,3
10365,1
1109,0
1588,1
13502,0
8693,1
8217,3
15459,4
3117,3
8660,1
9750,1
11151,1
7499,3
10087,1
2379,3
7145,3
8119,4
15774,2
11790,4
2754,3
1292,3
14464,4
13376,2
14444,2
11008,1
5518,2
6032,0
541,4
9778,1
1118,1
7407,1
12234,4
10023,1
6904,2
5832,2
13726,4
3530,3
10275,0
6258,3
8142,1
3848,2
3447,1
6750,3
1595,2
2024,3
9023,4
6744,1
1233,3
1721,3
2359,2
136,0
12434,3
4035,3
10551,2
7620,4
12796,0
1250,3
4942,1
6001,2
8417,1
12816,0
10041,0
10965,1
3594,2
2905,3
9526,1
8584,1
10540,2
2019,3
198,3
7362,2
4257,2
8069,3
9856,3
2469,1
14790,0
11298,3
14680,2
5868,4
6871,2
1511,4
13699,2
3961,1
9157,3
9232,1
133,2
6795,2
11106,1
11350,2
5543,2
3877,3
12422,2
9855,0
8074,2
12613,2
16231,4
3230,1
5365,2
13268,0
7454,1
4503,0
6985,2
368,3
10008,2
13739,4
153,1
7199,1
1143,3
6395,2
12537,3
14668,2
474,3
6764,2
7536,1
11861,4
7715,3
3420,3
12202,4
13316,2
1364,3
1524,0
8540,3
11885,2
14095,2
2117,3
10510,3
6937,1
14105,2
7957,0
4749,2
13874,4
1886,3
4020,3
2928,0
10950,1
2977,1
828,1
8248,2
3455,1
7874,3
3116,1
12883,4
11408,3
6040,3
14782,2
2291,0
11511,1
3940,4
5502,2
9016,3
11441,1
6834,2
1663,3
13181,4
10918,3
14559,2
8307,3
14806,3
15316,2
6602,2
2056,4
2906,3
1454,0
11579,1
12862,0
4709,4
15234,2
13253,4
13545,4
8275,3
14197,2
9491,1
5363,2
12277,0
9349,1
12886,3
12863,4
8485,3
2138,2
11956,4
6609,0
3181,4
11926,4
14309,3
12800,1
7406,1
2870,3
6939,2
2445,3
11808,4
3122,1
9903,1
618,0
7726,1
12920,3
6340,1
12120,3
6189,1
12915,0
11679,3
11610,3
3054,3
12489,3
6951,1
1559,3
3690,3
9602,3
2636,3
1988,4
5472,3
589,1
11798,3
3818,3
14057,3
9819,1
12930,3
10232,4
15118,3
8198,3
14839,4
3351,3
12245,4
13550,2
14183,3
1078,3
14282,0
10802,2
3613,2
11190,1
4691,2
11784,4
2657,3
4484,3
3202,1
6538,2
5731,2
15605,4
3433,1
12266,4
5799,4
1901,1
9219,0
13189,0
5364,1
3660,1
13429,3
11563,2
9158,1
13057,3
1579,1
13374,3
5852,1
12874,0
8833,1
1226,1
10657,1
542,2
7061,4
12453,4
616,3
9406,3
4323,1
16173,4
3126,1
4232,1
13099,4
1015,4
7462,1
14976,3
5642,2
2376,3
14967,1
1113,0
8568,1
735,3
14543,2
1820,3
14695,2
14459,2
838,2
6042,2
1218,4
11801,3
12188,3
15669,3
3165,1
5903,1
12668,0
356,3
5785,3
2807,3
16196,3
1529,3
13122,0
13211,1
8504,3
12562,4
15571,3
6022,4
7017,0
8911,1
2243,0
6989,3
5467,1
4790,0
16002,3
10514,1
5407,3
8152,1
15499,4
1474,1
4500,1
13737,4
11728,0
14138,0
14797,1
14216,3
1122,1
1267,3
11353,2
9369,1
4581,2
8336,1
7660,2
14213,3
11675,1
3881,3
6073,2
3555,3
15527,2
12230,1
10108,1
10133,3
9767,2
11846,4
3355,2
14848,2
4675,1
13684,3
652,0
4639,2
6913,3
10483,0
11068,3
3587,0
16012,4
12644,3
14998,4
2744,1
8840,1
10753,3
5321,0
6124,1
9221,1
9093,3
2643,3
7531,3
1519,3
8588,3
5635,4
5869,4
14253,2
13903,3
16294,2
9122,1
13323,0
9042,3
7345,1
13826,2
10673,1
111,2
5008,2
4354,1
1642,4
10153,3
2312,3
8326,4
3023,0
11229,1
12271,0
12014,3
3076,1
9608,1
3844,0
4135,3
9487,2
15843,4
10703,3
9098,1
2141,1
4949,3
14780,4
2132,1
12746,3
5290,3
9527,3
12922,4
4086,3
5944,1
9127,3
11761,3
13201,2
9511,1
3622,1
13281,4
2903,3
8118,1
16220,3
3715,1
117,3
3541,4
5730,1
9588,3
11753,4
4279,3
8477,3
10433,0
6072,2
2600,3
12215,3
16106,4
14037,4
12550,3
3214,1
12872,4
10443,3
6059,0
3027,3
10022,1
4622,2
4079,1
9269,1
2899,4
4994,1
14828,0
10840,0
7513,4
11905,4
2842,0
11026,1
10822,1
11567,0
1943,1
7302,1
5056,2
14233,2
15217,2
8137,4
11090,1
7053,2
12409,3
8299,3
475,0
4637,3
3789,1
1397,3
16100,4
67,1
635,3
9070,3
9983,4
8662,1
9297,3
1101,0
8701,2
9190,2
7210,0
4497,3
10765,1
9647,4
8636,1
1081,3
1257,0
433,3
4421,2
13205,3
12753,2
10518,1
4083,3
10234,1
4166,3
7067,1
10975,3
12733,3
7299,2
5754,2
11895,4
3529,3
13564,4
15541,2
6587,1
12401,3
8966,2
2678,1
2427,1
2177,2
1707,3
974,0
12490,4
14351,4
11981,2
3855,3
14127,3
12574,2
15616,4
14887,4
7263,3
10223,1
9256,1
350,3
5860,1
10587,3
14566,2
5553,3
6701,4
5093,1
12147,3
12964,0
14713,3
7010,3
12650,4
5550,2
3431,3
5296,2
15942,2
9270,2
11078,1
10000,1
10781,1
1089,4
8266,3
1864,2
4075,2
11803,4
6144,4
925,4
11830,4
10538,2
1893,0
1265,3
8893,1
1147,4
4069,2
12682,2
588,0
3243,1
15980,3
4454,1
12548,2
12398,3
3644,1
7607,3
9139,3
5275,2
3144,1
13639,1
16054,2
6292,3
9682,2
5703,1
7458,1
12640,3
9209,1
6021,2
2476,1
13967,4
8657,3
8434,1
6069,4
13419,4
11285,1
15240,4
5066,3
496,3
919,4
15197,3
8360,3
5358,3
6305,2
15702,4
6523,2
579,2
10447,1
9974,2
2777,1
4873,2
11249,1
1446,1
4993,2
9784,2
1849,3
9011,1
10408,3
9802,2
12865,2
14678,4
12171,3
4339,1
9624,1
12687,1
11357,3
3606,1
6952,1
3391,3
1520,0
15203,3
10689,2
8756,3
1935,4
10146,4
9090,3
1868,4
9476,3
157,1
2888,1
6709,2
662,0
3311,3
6461,1
277,1
5676,1
7428,3
4268,3
11844,4
14737,1
5858,2
7219,1
7269,0
14154,3
674,3
1697,3
2784,3
12183,3
12647,1
15221,4
8694,0
13736,3
4044,2
11066,1
1626,3
6809,3
8066,3
3597,1
11927,3
10570,1
4459,1
6434,0
15076,2
10013,1
12950,4
9105,0
2214,1
6365,0
14573,3
2450,1
2327,2
9374,3
10701,1
9879,1
4587,0
9423,1
2782,3
13210,0
1046,1
937,1
15245,4
1128,2
4053,2
14727,4
2140,2
3552,3
12483,0
11259,3
15815,3
1322,2
13169,4
11528,1
6536,1
5457,3
2856,3
14819,4
7881,3
15788,2
6465,2
15568,3
15265,3
584,1
4411,3
10528,1
3472,3
2588,1
6894,3
13775,3
10885,2
1241,1
3177,3
11614,1
7386,1
12538,4
7436,3
6600,2
9067,3
6330,3
6043,4
10174,3
5702,2
13188,0
6540,4
5765,2
4696,2
5058,2
1567,3
12825,4
5031,3
14620,3
1657,3
1301,3
12778,3
2452,3
725,2
9191,4
13366,1
357,1
8410,3
13776,3
15239,4
5492,3
2011,2
2575,1
9611,1
14335,3
7964,3
755,4
16043,1
2628,3
9606,3
256,1
10401,3
11347,3
9740,4
15664,4
9715,2
9449,2
6537,2
7470,3
1242,3
10740,1
4905,1
5986,1
3819,2
10786,1
5901,2
15839,4
13340,0
1722,1
4683,3
10094,3
11896,2
10572,3
5994,1
12440,3
13588,3
7559,2
4300,1
3127,3
3004,0
8784,3
247,0
6797,1
15365,4
7289,0
5081,4
9137,2
7368,4
3838,2
6856,2
8557,1
5345,3
6811,3
6506,2
5593,3
12020,3
9225,1
9285,1
3949,1
10346,3
14728,2
5764,1
14881,3
8391,0
1421,3
11526,1
11666,3
11682,3
11609,3
8552,1
7435,2
12847,4
4066,3
8338,1
14000,3
1145,3
6344,3
7843,2
10809,3
906,3
12016,1
14846,2
4603,1
15391,1
787,1
4028,3
2716,2
12227,3
14515,3
12443,3
2049,3
12981,2
14135,4
5104,2
4836,0
13143,3
13698,3
10767,2
4082,3
13397,0
8689,1
2761,2
3128,1
11843,4
13250,3
7141,3
4280,3
10700,4
6955,3
8614,1
15150,1
4460,4
5561,2
8862,1
15403,2
15019,4
8968,3
9968,1
12945,3
15282,3
10543,1
8407,3
4348,3
15865,2
11433,1
9484,1
10172,1
10252,2
8813,2
15852,4
13849,0
11676,1
11520,1
312,1
108,2
2758,0
15763,3
7529,2
4434,1
5013,2
6565,1
9679,1
1469,3
9593,3
15813,2
872,3
9266,2
15768,4
9333,3
6370,1
3887,1
4245,1
11461,1
258,3
4496,0
7996,1
68,4
2290,3
8247,1
7538,1
13441,2
14353,0
1557,3
6781,1
8720,2
7977,1
13536,0
12719,0
6000,4
7494,1
12000,4
77,3
8607,3
14577,3
6562,1
11560,3
8179,1
6415,1
2242,3
3893,1
13017,4
7251,0
4559,1
8427,1
10375,3
562,3
3968,4
11430,1
2539,3
202,3
6760,0
6953,4
7517,3
2498,1
11796,3
14837,2
5485,2
10450,3
10330,3
16234,4
11960,3
13607,2
10914,0
14146,2
11204,1
16184,4
15308,3
15793,3
6358,2
11592,1
7572,3
12379,0
3990,2
7806,1
850,3
14932,3
12596,3
9728,1
3092,1
7124,3
13182,3
12329,2
11069,2
14893,1
2622,3
5170,3
13605,4
14778,3
2623,1
10958,1
10113,1
8255,0
9941,2
15003,3
7091,3
12212,3
6970,3
5328,1
13745,3
1382,0
3701,1
10248,1
5240,1
540,3
8733,1
15773,4
9206,4
9110,3
15743,3
4365,3
8688,1
2667,0
8520,2
15920,3
1894,3
3203,0
15449,4
14196,2
11724,3
12738,2
594,1
12935,3
13535,4
3676,3
11508,2
13147,2
15934,2
11634,3
3967,4
13696,2
11423,1
867,3
4848,2
4648,1
10728,1
7135,0
9977,2
2917,3
3798,3
6558,2
8953,3
13995,2
9465,1
10880,2
11657,3
13718,2
9814,1
7840,3
9592,1
4118,3
13601,1
1669,3
9083,3
12861,0
13879,3
13470,3
8284,1
4073,1
4597,2
5615,2
10519,3
409,2
2865,2
9052,1
13713,3
15419,2
12372,3
13504,1
8754,3
14085,3
737,1
11510,1
6432,3
4285,3
7448,3
4242,2
7658,2
12095,3
11211,2
6752,2
2366,1
977,1
9808,0
8450,2
11037,1
8099,3
9066,3
10911,0
15728,4
13932,2
13238,2
8844,1
85,2
8461,1
12721,4
14595,3
15544,3
1406,0
9985,3
5330,4
14999,2
2874,1
1925,3
5284,1
4670,1
10619,4
4861,3
14891,3
13368,3
10328,1
2501,2
12130,1
2183,4
14723,3
13730,2
5665,3
6237,4
1891,1
523,3
13572,1
10662,3
9412,3
4919,1
6235,2
649,4
15651,2
4134,1
5533,2
8116,3
832,3
2882,2
11473,2
9118,1
244,1
4254,3
15821,4
11777,4
697,1
1432,1
11649,0
12139,1
13227,2
2606,3
15347,3
9667,2
11343,2
4781,2
2282,0
13275,2
2901,3
11394,3
2820,3
7758,2
308,3
734,1
3096,0
3065,3
3973,3
8108,2
2301,4
13925,1
827,3
12703,2
14700,2
1286,3
1944,0
7083,0
15875,3
16292,2
2922,4
14221,0
8819,2
11662,1
398,2
8207,1
1073,1
6460,3
9502,1
11695,3
1589,0
6002,2
15617,4
9260,1
2216,3
2154,3
10318,0
8677,1
13060,1
6080,1
12485,2
12482,2
9521,3
11246,1
12875,4
11103,0
5189,1
4549,1
14096,0
447,3
2638,4
14982,3
123,3
11701,4
15414,3
12360,3
3158,1
15709,4
3947,2
13807,4
6654,3
559,3
1730,0
13307,3
11346,1
6875,2
6097,1
359,1
1201,1
10352,0
10544,1
4770,2
15354,2
1024,4
6802,1
1442,1
2226,1
10707,1
9748,2
1865,4
6954,4
10086,3
14111,3
4570,2
12711,4
1910,4
4769,1
13936,2
7626,0
3196,3
1253,1
14203,1
13517,3
341,3
5984,2
6787,0
11572,0
4243,0
6454,1
4188,3
15801,3
3148,3
1774,3
7643,1
14326,3
3353,1
15772,3
11816,4
6569,1
14398,4
13939,4
825,4
8586,3
231,1
1076,3
6483,2
2209,3
14633,3
8735,3
15879,4
9622,4
11286,2
13006,2
7346,4
14872,4
14442,3
7365,2
16076,4
3586,0
8392,1
14428,3
6832,2
11481,3
13111,2
11585,1
1075,3
4391,0
1224,4
11164,1
2279,2
324,4
550,3
13086,3
5055,2
14907,3
14817,2
15311,4
10342,1
6521,1
6348,1
4376,2
5268,2
8987,1
15091,4
7016,1
14610,4
5373,4
15160,3
3820,2
5090,1
15016,4
13900,3
7379,0
14500,3
8812,1
3394,3
9470,2
8567,0
5908,3
15503,2
201,1
269,0
11108,1
9975,1
7005,1
10263,1
1228,3
12195,2
7079,3
1031,4
1760,3
1978,3
9756,3
11769,4
7650,3
14361,2
5107,2
13969,2
81,1
11420,2
3463,3
2260,0
5562,2
12075,4
15302,1
7401,3
13449,4
5050,4
2029,3
2233,1
4006,4
7093,2
230,4
7336,1
15902,2
1284,4
5426,1
4098,0
15634,4
15671,2
4383,2
10242,3
8863,1
12520,3
2861,2
1799,0
12831,3
6573,1
687,3
3945,1
13090,1
1399,1
11324,3
9868,1
4518,1
9948,2
12570,2
1064,2
11057,2
8251,3
3066,3
10410,1
1500,4
12338,3
1379,4
11957,2
2802,1
14784,3
2988,3
12310,3
10127,0
2239,2
12135,3
12852,4
1617,3
4258,1
12019,2
11530,1
5134,1
2263,1
5704,1
8997,1
9400,2
16195,3
16172,2
14974,2
4416,3
14389,4
6177,1
2981,0
8071,2
12541,1
16081,4
7094,3
3457,4
6647,2
